{
    "SiameseRPN++": {
        "overall": {
            "ao": 0.14710345736779604,
            "sr": 0.1925925925925926,
            "speed_fps": 24.579562345517594,
            "succ_curve": [
                0.23333333333333334,
                0.23333333333333334,
                0.23333333333333334,
                0.22962962962962963,
                0.22962962962962963,
                0.22962962962962963,
                0.22962962962962963,
                0.22962962962962963,
                0.22962962962962963,
                0.22962962962962963,
                0.22962962962962963,
                0.22962962962962963,
                0.22962962962962963,
                0.22592592592592592,
                0.22592592592592592,
                0.22592592592592592,
                0.22592592592592592,
                0.22592592592592592,
                0.22592592592592592,
                0.22592592592592592,
                0.22592592592592592,
                0.22592592592592592,
                0.22592592592592592,
                0.22592592592592592,
                0.22592592592592592,
                0.22592592592592592,
                0.22592592592592592,
                0.22592592592592592,
                0.22592592592592592,
                0.22592592592592592,
                0.22592592592592592,
                0.22592592592592592,
                0.22592592592592592,
                0.22592592592592592,
                0.22592592592592592,
                0.22592592592592592,
                0.22592592592592592,
                0.22592592592592592,
                0.22592592592592592,
                0.22592592592592592,
                0.22592592592592592,
                0.22592592592592592,
                0.21851851851851853,
                0.21851851851851853,
                0.21851851851851853,
                0.21851851851851853,
                0.2074074074074074,
                0.2037037037037037,
                0.2,
                0.1962962962962963,
                0.1925925925925926,
                0.18518518518518517,
                0.17777777777777778,
                0.17037037037037037,
                0.16666666666666666,
                0.16296296296296298,
                0.15925925925925927,
                0.15555555555555556,
                0.15185185185185185,
                0.14814814814814814,
                0.14074074074074075,
                0.13703703703703704,
                0.1259259259259259,
                0.12222222222222222,
                0.11851851851851852,
                0.1111111111111111,
                0.10740740740740741,
                0.1,
                0.09259259259259259,
                0.08518518518518518,
                0.08148148148148149,
                0.08148148148148149,
                0.08148148148148149,
                0.07777777777777778,
                0.06666666666666667,
                0.05925925925925926,
                0.05555555555555555,
                0.04814814814814815,
                0.04814814814814815,
                0.037037037037037035,
                0.037037037037037035,
                0.022222222222222223,
                0.022222222222222223,
                0.022222222222222223,
                0.011111111111111112,
                0.007407407407407408,
                0.007407407407407408,
                0.007407407407407408,
                0.003703703703703704,
                0.003703703703703704,
                0.0,
                0.0,
                0.0,
                0.0,
                0.0,
                0.0,
                0.0,
                0.0,
                0.0,
                0.0,
                0.0
            ]
        },
        "seq_wise": {
            "GOT-10k_Val_000175": {
                "ao": 0.14710345736779604,
                "sr": 0.1925925925925926,
                "speed_fps": 24.579562345517594,
                "length": 270
            }
        }
    }
}