{
    "SiameseRPN++": {
        "overall": {
            "ao": 0.29493069669067046,
            "sr": 0.2,
            "speed_fps": 17.20762817821677,
            "succ_curve": [
                0.9857142857142858,
                0.9857142857142858,
                0.9857142857142858,
                0.9428571428571428,
                0.8,
                0.7857142857142857,
                0.7428571428571429,
                0.7285714285714285,
                0.7285714285714285,
                0.7285714285714285,
                0.7285714285714285,
                0.7142857142857143,
                0.6857142857142857,
                0.6857142857142857,
                0.6571428571428571,
                0.6571428571428571,
                0.6571428571428571,
                0.6571428571428571,
                0.6428571428571429,
                0.6285714285714286,
                0.6285714285714286,
                0.6142857142857143,
                0.6,
                0.5857142857142857,
                0.5857142857142857,
                0.5571428571428572,
                0.5571428571428572,
                0.5428571428571428,
                0.5285714285714286,
                0.5142857142857142,
                0.5,
                0.4857142857142857,
                0.4857142857142857,
                0.4857142857142857,
                0.4714285714285714,
                0.4714285714285714,
                0.45714285714285713,
                0.44285714285714284,
                0.42857142857142855,
                0.42857142857142855,
                0.4,
                0.35714285714285715,
                0.34285714285714286,
                0.32857142857142857,
                0.3142857142857143,
                0.2714285714285714,
                0.24285714285714285,
                0.22857142857142856,
                0.21428571428571427,
                0.2,
                0.2,
                0.17142857142857143,
                0.17142857142857143,
                0.17142857142857143,
                0.17142857142857143,
                0.14285714285714285,
                0.1,
                0.08571428571428572,
                0.07142857142857142,
                0.05714285714285714,
                0.05714285714285714,
                0.05714285714285714,
                0.04285714285714286,
                0.04285714285714286,
                0.02857142857142857,
                0.014285714285714285,
                0.014285714285714285,
                0.0,
                0.0,
                0.0,
                0.0,
                0.0,
                0.0,
                0.0,
                0.0,
                0.0,
                0.0,
                0.0,
                0.0,
                0.0,
                0.0,
                0.0,
                0.0,
                0.0,
                0.0,
                0.0,
                0.0,
                0.0,
                0.0,
                0.0,
                0.0,
                0.0,
                0.0,
                0.0,
                0.0,
                0.0,
                0.0,
                0.0,
                0.0,
                0.0,
                0.0
            ]
        },
        "seq_wise": {
            "GOT-10k_Val_000055": {
                "ao": 0.29493069669067046,
                "sr": 0.2,
                "speed_fps": 17.20762817821677,
                "length": 70
            }
        }
    }
}