{
    "pysot/models/rpn_alex.pth": {
        "overall": {
            "ao": 0.6486752646355226,
            "sr": 0.9240506329113924,
            "speed_fps": 13.290873316211474,
            "succ_curve": [
                1.0,
                1.0,
                1.0,
                1.0,
                1.0,
                1.0,
                1.0,
                1.0,
                1.0,
                1.0,
                1.0,
                1.0,
                1.0,
                1.0,
                1.0,
                1.0,
                1.0,
                1.0,
                1.0,
                1.0,
                1.0,
                1.0,
                1.0,
                1.0,
                1.0,
                1.0,
                1.0,
                1.0,
                1.0,
                1.0,
                1.0,
                1.0,
                1.0,
                1.0,
                1.0,
                1.0,
                1.0,
                1.0,
                1.0,
                1.0,
                1.0,
                1.0,
                1.0,
                1.0,
                1.0,
                1.0,
                1.0,
                0.9873417721518988,
                0.9873417721518988,
                0.9873417721518988,
                0.9240506329113924,
                0.8860759493670886,
                0.8734177215189873,
                0.8481012658227848,
                0.8481012658227848,
                0.8354430379746836,
                0.7848101265822784,
                0.7468354430379747,
                0.7215189873417721,
                0.6582278481012658,
                0.6329113924050633,
                0.6075949367088608,
                0.569620253164557,
                0.5443037974683544,
                0.5189873417721519,
                0.5189873417721519,
                0.4810126582278481,
                0.4430379746835443,
                0.4050632911392405,
                0.3291139240506329,
                0.3037974683544304,
                0.3037974683544304,
                0.22784810126582278,
                0.189873417721519,
                0.189873417721519,
                0.17721518987341772,
                0.16455696202531644,
                0.1518987341772152,
                0.1518987341772152,
                0.11392405063291139,
                0.08860759493670886,
                0.06329113924050633,
                0.0379746835443038,
                0.012658227848101266,
                0.012658227848101266,
                0.0,
                0.0,
                0.0,
                0.0,
                0.0,
                0.0,
                0.0,
                0.0,
                0.0,
                0.0,
                0.0,
                0.0,
                0.0,
                0.0,
                0.0,
                0.0
            ]
        },
        "seq_wise": {
            "GOT-10k_Val_000006": {
                "ao": 0.6486752646355226,
                "sr": 0.9240506329113924,
                "speed_fps": 13.290873316211474,
                "length": 79
            }
        }
    }
}