;model;prepocess_time;inference_time;postprocess_time;total_time;avg_fps
0;yolov8n.pt;3.0209007263183594;18.728033781051636;3.004349708557129;24.753284215927124;40.398679677283596
1;yolov8s.pt;2.0585453510284424;16.596224308013916;2.8766722679138184;21.531441926956177;46.44370792222954
2;yolov8m.pt;1.7522201538085938;20.021655559539795;2.6235618591308594;24.397437572479248;40.98791100619592
3;yolov8l.pt;1.8454174995422363;27.378094911575317;2.8136844635009766;32.03719687461853;31.213717102455053
4;yolov8x.pt;1.9377467632293701;49.29614472389221;2.8755197525024414;54.10941123962402;18.481073386134085
