;model;prepocess_time;inference_time;postprocess_time;total_time;avg_fps
0;yolov8n.pt;1.7865769863128662;12.887934684753418;2.673616409301758;17.348128080368042;57.643106816328334
1;yolov8s.pt;1.6799027919769287;13.167259931564331;2.8930435180664062;17.740206241607666;56.36913045884506
2;yolov8m.pt;1.7500503063201904;17.914389848709106;2.7689201831817627;22.43336033821106;44.576469370782846
3;yolov8l.pt;2.046037435531616;29.95872402191162;2.992621898651123;34.99738335609436;28.57356476697457
4;yolov8x.pt;1.899423360824585;52.28939867019653;2.686192512512207;56.875014543533325;17.582413086410362
