{
    "SiameseRPN": {
        "overall": {
            "ao": 0.04482026273173379,
            "sr": 0.05925925925925926,
            "speed_fps": 45.5804362057914,
            "succ_curve": [
                0.06666666666666667,
                0.06666666666666667,
                0.06666666666666667,
                0.06666666666666667,
                0.06666666666666667,
                0.06666666666666667,
                0.06666666666666667,
                0.06666666666666667,
                0.06296296296296296,
                0.06296296296296296,
                0.06296296296296296,
                0.06296296296296296,
                0.06296296296296296,
                0.06296296296296296,
                0.06296296296296296,
                0.06296296296296296,
                0.06296296296296296,
                0.06296296296296296,
                0.06296296296296296,
                0.06296296296296296,
                0.06296296296296296,
                0.06296296296296296,
                0.06296296296296296,
                0.06296296296296296,
                0.06296296296296296,
                0.06296296296296296,
                0.06296296296296296,
                0.06296296296296296,
                0.06296296296296296,
                0.06296296296296296,
                0.06296296296296296,
                0.06296296296296296,
                0.06296296296296296,
                0.06296296296296296,
                0.06296296296296296,
                0.06296296296296296,
                0.06296296296296296,
                0.06296296296296296,
                0.06296296296296296,
                0.06296296296296296,
                0.06296296296296296,
                0.06296296296296296,
                0.06296296296296296,
                0.06296296296296296,
                0.06296296296296296,
                0.06296296296296296,
                0.06296296296296296,
                0.05925925925925926,
                0.05925925925925926,
                0.05925925925925926,
                0.05925925925925926,
                0.05925925925925926,
                0.05925925925925926,
                0.05925925925925926,
                0.05925925925925926,
                0.05555555555555555,
                0.05555555555555555,
                0.05555555555555555,
                0.05555555555555555,
                0.05555555555555555,
                0.05555555555555555,
                0.05185185185185185,
                0.04814814814814815,
                0.044444444444444446,
                0.044444444444444446,
                0.044444444444444446,
                0.044444444444444446,
                0.03333333333333333,
                0.03333333333333333,
                0.03333333333333333,
                0.03333333333333333,
                0.025925925925925925,
                0.025925925925925925,
                0.025925925925925925,
                0.022222222222222223,
                0.022222222222222223,
                0.022222222222222223,
                0.014814814814814815,
                0.014814814814814815,
                0.014814814814814815,
                0.014814814814814815,
                0.011111111111111112,
                0.011111111111111112,
                0.011111111111111112,
                0.007407407407407408,
                0.007407407407407408,
                0.007407407407407408,
                0.007407407407407408,
                0.007407407407407408,
                0.007407407407407408,
                0.007407407407407408,
                0.003703703703703704,
                0.0,
                0.0,
                0.0,
                0.0,
                0.0,
                0.0,
                0.0,
                0.0,
                0.0
            ]
        },
        "seq_wise": {
            "GOT-10k_Val_000175": {
                "ao": 0.04482026273173379,
                "sr": 0.05925925925925926,
                "speed_fps": 45.5804362057914,
                "length": 270
            }
        }
    }
}